"img,lbl",""
"f1.jpg","0"
"f2.jpg","0"
"f3.jpg","0"
"f4.jpg","0"
"f5.jpg","0"
"f6.jpg","0"
"f7.jpg","0"
"f8.jpg","0"
"f9.jpg","0"
"f10.jpg","0"
"f11.jpg","0"
"f12.jpg","0"
"f13.jpg","0"
"f14.jpg","0"
"f15.jpg","0"
"f16.jpg","0"
"f17.jpg","0"
"f18.jpg","0"
"f19.jpg","0"
"f20.jpg","0"
"f21.jpg","0"
"f22.jpg","0"
"f23.jpg","0"
"f24.jpg","0"
"f25.jpg","0"
"f26.jpg","0"
"f27.jpg","0"
"f28.jpg","0"
"f29.jpg","0"
"f30.jpg","0"
"f31.jpg","0"
"f32.jpg","0"
"f33.jpg","0"
"f34.jpg","0"
"f35.jpg","0"
"f36.jpg","0"
"f37.jpg","0"
"f38.jpg","0"
"f39.jpg","0"
"f40.jpg","0"
"f41.jpg","0"
"f42.jpg","0"
"f43.jpg","0"
"f44.jpg","0"
"f45.jpg","0"
"f46.jpg","0"
"f47.jpg","0"
"f48.jpg","0"
"f49.jpg","0"
"f50.jpg","0"
"f51.jpg","0"
"f52.jpg","0"
"f53.jpg","0"
"f54.jpg","0"
"f55.jpg","0"
"f56.jpg","0"
"f57.jpg","0"
"f58.jpg","0"
"f59.jpg","0"
"f60.jpg","0"
"f61.jpg","0"
"f62.jpg","0"
"f63.jpg","0"
"f64.jpg","0"
"f65.jpg","0"
"f66.jpg","0"
"f67.jpg","0"
"f68.jpg","0"
"f69.jpg","0"
"f70.jpg","0"
"f71.jpg","0"
"f72.jpg","0"
"f73.jpg","0"
"f74.jpg","0"
"f75.jpg","0"
"f76.jpg","0"
"f77.jpg","0"
"f78.jpg","0"
"f79.jpg","0"
"f80.jpg","0"
"f81.jpg","0"
"f82.jpg","0"
"f83.jpg","0"
"f84.jpg","0"
"f85.jpg","0"
"f86.jpg","0"
"f87.jpg","0"
"f88.jpg","0"
"f89.jpg","0"
"f90.jpg","0"
"f91.jpg","0"
"f92.jpg","0"
"f93.jpg","0"
"f94.jpg","0"
"f95.jpg","0"
"f96.jpg","0"
"f97.jpg","0"
"f98.jpg","0"
"f99.jpg","0"
"f100.jpg","0"
"f101.jpg","0"
"f102.jpg","0"
"f103.jpg","0"
"f104.jpg","0"
"f105.jpg","0"
"f106.jpg","0"
"f107.jpg","0"
"f108.jpg","0"
"f109.jpg","0"
"f110.jpg","0"
"f111.jpg","0"
"f112.jpg","0"
"f113.jpg","0"
"f114.jpg","0"
"f115.jpg","0"
"f116.jpg","0"
"f117.jpg","0"
"f118.jpg","0"
"f119.jpg","0"
"f120.jpg","0"
"f121.jpg","0"
"f122.jpg","0"
"f123.jpg","0"
"f124.jpg","0"
"f125.jpg","0"
"f126.jpg","0"
"f127.jpg","0"
"f128.jpg","0"
"f129.jpg","0"
"f130.jpg","0"
"f131.jpg","0"
"f132.jpg","0"
"f133.jpg","0"
"f134.jpg","0"
"f135.jpg","0"
"f136.jpg","0"
"f137.jpg","0"
"f138.jpg","0"
"f139.jpg","0"
"f140.jpg","0"
"f141.jpg","0"
"f142.jpg","0"
"f143.jpg","0"
"f144.jpg","0"
"f145.jpg","0"
"f146.jpg","0"
"f147.jpg","0"
"f148.jpg","0"
"f149.jpg","0"
"f150.jpg","0"
"f151.jpg","0"
"f152.jpg","0"
"f153.jpg","0"
"f154.jpg","0"
"f155.jpg","0"
"f156.jpg","0"
"f157.jpg","0"
"f158.jpg","0"
"f159.jpg","0"
"f160.jpg","0"
"f161.jpg","0"
"f162.jpg","0"
"f163.jpg","0"
"f164.jpg","0"
"f165.jpg","0"
"f166.jpg","0"
"f167.jpg","0"
"f168.jpg","0"
"f169.jpg","0"
"f170.jpg","0"
"f171.jpg","0"
"f172.jpg","0"
"f173.jpg","0"
"f174.jpg","0"
"f175.jpg","0"
"f176.jpg","0"
"f177.jpg","0"
"f178.jpg","0"
"f179.jpg","0"
"f180.jpg","0"
"f181.jpg","0"
"f182.jpg","0"
"f183.jpg","0"
"f184.jpg","0"
"f185.jpg","0"
"f186.jpg","0"
"f187.jpg","0"
"f188.jpg","0"
"f189.jpg","0"
"f190.jpg","0"
"f191.jpg","0"
"f192.jpg","0"
"f193.jpg","0"
"f194.jpg","0"
"f195.jpg","0"
"f196.jpg","0"
"f197.jpg","0"
"f198.jpg","0"
"f199.jpg","0"
"f200.jpg","1"
"f201.jpg","1"
"f202.jpg","1"
"f203.jpg","1"
"f204.jpg","1"
"f205.jpg","1"
"f206.jpg","1"
"f207.jpg","1"
"f208.jpg","1"
"f209.jpg","1"
"f210.jpg","1"
"f211.jpg","1"
"f212.jpg","1"
"f213.jpg","1"
"f214.jpg","1"
"f215.jpg","1"
"f216.jpg","1"
"f217.jpg","1"
"f218.jpg","1"
"f219.jpg","1"
"f220.jpg","1"
"f221.jpg","1"
"f222.jpg","1"
"f223.jpg","1"
"f224.jpg","1"
"f225.jpg","1"
"f226.jpg","1"
"f227.jpg","1"
"f228.jpg","1"
"f229.jpg","1"
"f230.jpg","1"
"f231.jpg","1"
"f232.jpg","1"
"f233.jpg","1"
"f234.jpg","1"
"f235.jpg","1"
"f236.jpg","1"
"f237.jpg","1"
"f238.jpg","1"
"f239.jpg","1"
"f240.jpg","1"
"f241.jpg","1"
"f242.jpg","1"
"f243.jpg","1"
"f244.jpg","1"
"f245.jpg","1"
"f246.jpg","1"
"f247.jpg","1"
"f248.jpg","1"
"f249.jpg","1"
"f250.jpg","1"
"f251.jpg","1"
"f252.jpg","1"
"f253.jpg","1"
"f254.jpg","1"
"f255.jpg","1"
"f256.jpg","1"
"f257.jpg","1"
"f258.jpg","1"
"f259.jpg","1"
"f260.jpg","1"
"f261.jpg","1"
"f262.jpg","1"
"f263.jpg","1"
"f264.jpg","1"
"f265.jpg","1"
"f266.jpg","1"
"f267.jpg","1"
"f268.jpg","1"
"f269.jpg","1"
"f270.jpg","1"
"f271.jpg","1"
"f272.jpg","1"
"f273.jpg","1"
"f274.jpg","1"
"f275.jpg","1"
"f276.jpg","1"
"f277.jpg","1"
"f278.jpg","1"
"f279.jpg","1"
"f280.jpg","1"
"f281.jpg","1"
"f282.jpg","1"
"f283.jpg","1"
"f284.jpg","1"
"f285.jpg","1"
"f286.jpg","1"
"f287.jpg","1"
"f288.jpg","1"
"f289.jpg","1"
"f290.jpg","1"
"f291.jpg","1"
"f292.jpg","1"
"f293.jpg","1"
"f294.jpg","1"
"f295.jpg","1"
"f296.jpg","1"
"f297.jpg","1"
"f298.jpg","1"
"f299.jpg","1"
"f300.jpg","1"
"f301.jpg","1"
"f302.jpg","1"
"f303.jpg","1"
"f304.jpg","1"
"f305.jpg","1"
"f306.jpg","1"
"f307.jpg","1"
"f308.jpg","1"
"f309.jpg","1"
"f310.jpg","1"
"f311.jpg","1"
"f312.jpg","1"
"f313.jpg","1"
"f314.jpg","1"
"f315.jpg","1"
"f316.jpg","1"
"f317.jpg","1"
"f318.jpg","1"
"f319.jpg","1"
"f320.jpg","1"
"f321.jpg","1"
"f322.jpg","1"
"f323.jpg","1"
"f324.jpg","1"
"f325.jpg","1"
"f326.jpg","1"
"f327.jpg","1"
"f328.jpg","1"
"f329.jpg","1"
"f330.jpg","1"
"f331.jpg","1"
"f332.jpg","1"
"f333.jpg","1"
"f334.jpg","1"
"f335.jpg","1"
"f336.jpg","1"
"f337.jpg","1"
"f338.jpg","1"
"f339.jpg","1"
"f340.jpg","1"
"f341.jpg","1"
"f342.jpg","1"
"f343.jpg","1"
"f344.jpg","1"
"f345.jpg","1"
"f346.jpg","1"
"f347.jpg","1"
"f348.jpg","1"
"f349.jpg","1"
"f350.jpg","1"
"f351.jpg","1"
"f352.jpg","1"
"f353.jpg","1"
"f354.jpg","1"
"f355.jpg","1"
"f356.jpg","1"
"f357.jpg","1"
"f358.jpg","1"
"f359.jpg","1"
"f360.jpg","1"
"f361.jpg","1"
"f362.jpg","1"
"f363.jpg","1"
"f364.jpg","1"
"f365.jpg","1"
"f366.jpg","1"
"f367.jpg","1"
"f368.jpg","1"
"f369.jpg","1"
"f370.jpg","1"
"f371.jpg","1"
"f372.jpg","1"
"f373.jpg","1"
"f374.jpg","1"
"f375.jpg","1"
"f376.jpg","1"
"f377.jpg","1"
"f378.jpg","1"
"f379.jpg","1"
"f380.jpg","1"
"f381.jpg","1"
"f382.jpg","1"
"f383.jpg","1"
"f384.jpg","1"
"f385.jpg","1"
"f386.jpg","1"
"f387.jpg","1"
"f388.jpg","1"
"f389.jpg","1"
"f390.jpg","1"
"f391.jpg","1"
"f392.jpg","1"
"f393.jpg","1"
"f394.jpg","1"
"f395.jpg","1"
"f396.jpg","1"
"f397.jpg","1"
"f398.jpg","1"
"f399.jpg","2"
"f400.jpg","2"
"f401.jpg","2"
"f402.jpg","2"
"f403.jpg","2"
"f404.jpg","2"
"f405.jpg","2"
"f406.jpg","2"
"f407.jpg","2"
"f408.jpg","2"
"f409.jpg","2"
"f410.jpg","2"
"f411.jpg","2"
"f412.jpg","2"
"f413.jpg","2"
"f414.jpg","2"
"f415.jpg","2"
"f416.jpg","2"
"f417.jpg","2"
"f418.jpg","2"
"f419.jpg","2"
"f420.jpg","2"
"f421.jpg","2"
"f422.jpg","2"
"f423.jpg","2"
"f424.jpg","2"
"f425.jpg","2"
"f426.jpg","2"
"f427.jpg","2"
"f428.jpg","2"
"f429.jpg","2"
"f430.jpg","2"
"f431.jpg","2"
"f432.jpg","2"
"f433.jpg","2"
"f434.jpg","2"
"f435.jpg","2"
"f436.jpg","2"
"f437.jpg","2"
"f438.jpg","2"
"f439.jpg","2"
"f440.jpg","2"
"f441.jpg","2"
"f442.jpg","2"
"f443.jpg","2"
"f444.jpg","2"
"f445.jpg","2"
"f446.jpg","2"
"f447.jpg","2"
"f448.jpg","2"
"f449.jpg","2"
"f450.jpg","2"
"f451.jpg","2"
"f452.jpg","2"
"f453.jpg","2"
"f454.jpg","2"
"f455.jpg","2"
"f456.jpg","2"
"f457.jpg","2"
"f458.jpg","2"
"f459.jpg","2"
"f460.jpg","2"
"f461.jpg","2"
"f462.jpg","2"
"f463.jpg","2"
"f464.jpg","2"
"f465.jpg","2"
"f466.jpg","2"
"f467.jpg","2"
"f468.jpg","2"
"f469.jpg","2"
"f470.jpg","2"
"f471.jpg","2"
"f472.jpg","2"
"f473.jpg","2"
"f474.jpg","2"
"f475.jpg","2"
"f476.jpg","2"
"f477.jpg","2"
"f478.jpg","2"
"f479.jpg","2"
"f480.jpg","2"
"f481.jpg","2"
"f482.jpg","2"
"f483.jpg","2"
"f484.jpg","2"
"f485.jpg","2"
"f486.jpg","2"
"f487.jpg","2"
"f488.jpg","2"
"f489.jpg","2"
"f490.jpg","2"
"f491.jpg","2"
"f492.jpg","2"
"f493.jpg","2"
"f494.jpg","2"
"f495.jpg","2"
"f496.jpg","2"
"f497.jpg","2"
"f498.jpg","2"
"f499.jpg","2"
"f500.jpg","2"
"f501.jpg","2"
"f502.jpg","2"
"f503.jpg","2"
"f504.jpg","2"
"f505.jpg","2"
"f506.jpg","2"
"f507.jpg","2"
"f508.jpg","2"
"f509.jpg","2"
"f510.jpg","2"
"f511.jpg","2"
"f512.jpg","2"
"f513.jpg","2"
"f514.jpg","2"
"f515.jpg","2"
"f516.jpg","2"
"f517.jpg","2"
"f518.jpg","2"
"f519.jpg","2"
"f520.jpg","2"
"f521.jpg","2"
"f522.jpg","2"
"f523.jpg","2"
"f524.jpg","2"
"f525.jpg","2"
"f526.jpg","2"
"f527.jpg","2"
"f528.jpg","2"
"f529.jpg","2"
"f530.jpg","2"
"f531.jpg","2"
"f532.jpg","2"
"f533.jpg","2"
"f534.jpg","2"
"f535.jpg","2"
"f536.jpg","2"
"f537.jpg","2"
"f538.jpg","2"
"f539.jpg","2"
"f540.jpg","2"
"f541.jpg","2"
"f542.jpg","2"
"f543.jpg","2"
"f544.jpg","2"
"f545.jpg","2"
"f546.jpg","2"
"f547.jpg","2"
"f548.jpg","2"
"f549.jpg","2"
"f550.jpg","2"
"f551.jpg","2"
"f552.jpg","2"
"f553.jpg","2"
"f554.jpg","2"
"f555.jpg","2"
"f556.jpg","2"
"f557.jpg","2"
"f558.jpg","2"
"f559.jpg","2"
"f560.jpg","2"
"f561.jpg","2"
"f562.jpg","2"
"f563.jpg","2"
"f564.jpg","2"
"f565.jpg","2"
"f566.jpg","2"
"f567.jpg","2"
"f568.jpg","2"
"f569.jpg","2"
"f570.jpg","2"
"f571.jpg","2"
"f572.jpg","2"
"f573.jpg","2"
"f574.jpg","2"
"f575.jpg","2"
"f576.jpg","2"
"f577.jpg","2"
"f578.jpg","2"
"f579.jpg","2"
"f580.jpg","2"
"f581.jpg","2"
"f582.jpg","2"
"f583.jpg","2"
"f584.jpg","2"
"f585.jpg","2"
"f586.jpg","2"
"f587.jpg","2"
"f588.jpg","2"
"f589.jpg","2"
"f590.jpg","2"
"f591.jpg","2"
"f592.jpg","2"
"f593.jpg","2"
"f594.jpg","2"
"f595.jpg","2"
"f596.jpg","2"
"f597.jpg","2"
"f598.jpg","3"
"f599.jpg","3"
"f600.jpg","3"
"f601.jpg","3"
"f602.jpg","3"
"f603.jpg","3"
"f604.jpg","3"
"f605.jpg","3"
"f606.jpg","3"
"f607.jpg","3"
"f608.jpg","3"
"f609.jpg","3"
"f610.jpg","3"
"f611.jpg","3"
"f612.jpg","3"
"f613.jpg","3"
"f614.jpg","3"
"f615.jpg","3"
"f616.jpg","3"
"f617.jpg","3"
"f618.jpg","3"
"f619.jpg","3"
"f620.jpg","3"
"f621.jpg","3"
"f622.jpg","3"
"f623.jpg","3"
"f624.jpg","3"
"f625.jpg","3"
"f626.jpg","3"
"f627.jpg","3"
"f628.jpg","3"
"f629.jpg","3"
"f630.jpg","3"
"f631.jpg","3"
"f632.jpg","3"
"f633.jpg","3"
"f634.jpg","3"
"f635.jpg","3"
"f636.jpg","3"
"f637.jpg","3"
"f638.jpg","3"
"f639.jpg","3"
"f640.jpg","3"
"f641.jpg","3"
"f642.jpg","3"
"f643.jpg","3"
"f644.jpg","3"
"f645.jpg","3"
"f646.jpg","3"
"f647.jpg","3"
"f648.jpg","3"
"f649.jpg","3"
"f650.jpg","3"
"f651.jpg","3"
"f652.jpg","3"
"f653.jpg","3"
"f654.jpg","3"
"f655.jpg","3"
"f656.jpg","3"
"f657.jpg","3"
"f658.jpg","3"
"f659.jpg","3"
"f660.jpg","3"
"f661.jpg","3"
"f662.jpg","3"
"f663.jpg","3"
"f664.jpg","3"
"f665.jpg","3"
"f666.jpg","3"
"f667.jpg","3"
"f668.jpg","3"
"f669.jpg","3"
"f670.jpg","3"
"f671.jpg","3"
"f672.jpg","3"
"f673.jpg","3"
"f674.jpg","3"
"f675.jpg","3"
"f676.jpg","3"
"f677.jpg","3"
"f678.jpg","3"
"f679.jpg","3"
"f680.jpg","3"
"f681.jpg","3"
"f682.jpg","3"
"f683.jpg","3"
"f684.jpg","3"
"f685.jpg","3"
"f686.jpg","3"
"f687.jpg","3"
"f688.jpg","3"
"f689.jpg","3"
"f690.jpg","3"
"f691.jpg","3"
"f692.jpg","3"
"f693.jpg","3"
"f694.jpg","3"
"f695.jpg","3"
"f696.jpg","3"
"f697.jpg","3"
"f698.jpg","3"
"f699.jpg","3"
"f700.jpg","3"
"f701.jpg","3"
"f702.jpg","3"
"f703.jpg","3"
"f704.jpg","3"
"f705.jpg","3"
"f706.jpg","3"
"f707.jpg","3"
"f708.jpg","3"
"f709.jpg","3"
"f710.jpg","3"
"f711.jpg","3"
"f712.jpg","3"
"f713.jpg","3"
"f714.jpg","3"
"f715.jpg","3"
"f716.jpg","3"
"f717.jpg","3"
"f718.jpg","3"
"f719.jpg","3"
"f720.jpg","3"
"f721.jpg","3"
"f722.jpg","3"
"f723.jpg","3"
"f724.jpg","3"
"f725.jpg","3"
"f726.jpg","3"
"f727.jpg","3"
"f728.jpg","3"
"f729.jpg","3"
"f730.jpg","3"
"f731.jpg","3"
"f732.jpg","3"
"f733.jpg","3"
"f734.jpg","3"
"f735.jpg","3"
"f736.jpg","3"
"f737.jpg","3"
"f738.jpg","3"
"f739.jpg","3"
"f740.jpg","3"
"f741.jpg","3"
"f742.jpg","3"
"f743.jpg","3"
"f744.jpg","3"
"f745.jpg","3"
"f746.jpg","3"
"f747.jpg","3"
"f748.jpg","3"
"f749.jpg","3"
"f750.jpg","3"
"f751.jpg","3"
"f752.jpg","3"
"f753.jpg","3"
"f754.jpg","3"
"f755.jpg","3"
