"lbl","img"
"3","t1.jpg"
"3","t2.jpg"
"3","t3.jpg"
"3","t4.jpg"
"3","t5.jpg"
"3","t6.jpg"
"3","t7.jpg"
"3","t8.jpg"
"3","t9.jpg"
"3","t10.jpg"
"3","t11.jpg"
"3","t12.jpg"
"3","t13.jpg"
"3","t14.jpg"
"3","t15.jpg"
"3","t16.jpg"
"3","t17.jpg"
"3","t18.jpg"
"3","t19.jpg"
"3","t20.jpg"
"3","t21.jpg"
"3","t22.jpg"
"3","t23.jpg"
"3","t24.jpg"
"3","t25.jpg"
"3","t26.jpg"
"3","t27.jpg"
"3","t28.jpg"
"3","t29.jpg"
"3","t30.jpg"
"3","t31.jpg"
"3","t32.jpg"
"3","t33.jpg"
"3","t34.jpg"
"3","t35.jpg"
"3","t36.jpg"
"3","t37.jpg"
"3","t38.jpg"
"3","t39.jpg"
"3","t40.jpg"
"3","t41.jpg"
"3","t42.jpg"
"3","t43.jpg"
"3","t44.jpg"
"3","t45.jpg"
"3","t46.jpg"
"3","t47.jpg"
"3","t48.jpg"
"3","t49.jpg"
"3","t50.jpg"
"3","t51.jpg"
"3","t52.jpg"
"3","t53.jpg"
"3","t54.jpg"
"3","t55.jpg"
"3","t56.jpg"
"3","t57.jpg"
"3","t58.jpg"
"3","t59.jpg"
"3","t60.jpg"
"3","t61.jpg"
"3","t62.jpg"
"3","t63.jpg"
"3","t64.jpg"
"3","t65.jpg"
"3","t66.jpg"
"3","t67.jpg"
"3","t68.jpg"
"3","t69.jpg"
"3","t70.jpg"
"3","t71.jpg"
"3","t72.jpg"
"3","t73.jpg"
"3","t74.jpg"
"3","t75.jpg"
"3","t76.jpg"
"3","t77.jpg"
"3","t78.jpg"
"3","t79.jpg"
"3","t80.jpg"
"3","t81.jpg"
"3","t82.jpg"
"3","t83.jpg"
"3","t84.jpg"
"3","t85.jpg"
"3","t86.jpg"
"3","t87.jpg"
"3","t88.jpg"
"3","t89.jpg"
"3","t90.jpg"
"3","t91.jpg"
"3","t92.jpg"
"3","t93.jpg"
"3","t94.jpg"
"3","t95.jpg"
"3","t96.jpg"
"3","t97.jpg"
"3","t98.jpg"
"3","t99.jpg"
"3","t100.jpg"
"3","t101.jpg"
"3","t102.jpg"
"3","t103.jpg"
"3","t104.jpg"
"3","t105.jpg"
"3","t106.jpg"
"3","t107.jpg"
"3","t108.jpg"
"3","t109.jpg"
"3","t110.jpg"
"3","t111.jpg"
"3","t112.jpg"
"3","t113.jpg"
"3","t114.jpg"
"3","t115.jpg"
"3","t116.jpg"
"3","t117.jpg"
"3","t118.jpg"
"3","t119.jpg"
"3","t120.jpg"
"3","t121.jpg"
"3","t122.jpg"
"3","t123.jpg"
"3","t124.jpg"
"3","t125.jpg"
"3","t126.jpg"
"3","t127.jpg"
"3","t128.jpg"
"3","t129.jpg"
"3","t130.jpg"
"3","t131.jpg"
"3","t132.jpg"
"3","t133.jpg"
"3","t134.jpg"
"3","t135.jpg"
"3","t136.jpg"
"3","t137.jpg"
"3","t138.jpg"
"3","t139.jpg"
"3","t140.jpg"
"3","t141.jpg"
"3","t142.jpg"
"3","t143.jpg"
"3","t144.jpg"
"3","t145.jpg"
"3","t146.jpg"
"3","t147.jpg"
"3","t148.jpg"
"3","t149.jpg"
"3","t150.jpg"
"3","t151.jpg"
"3","t152.jpg"
"3","t153.jpg"
"3","t154.jpg"
"3","t155.jpg"
"3","t156.jpg"
"3","t157.jpg"
"3","t158.jpg"
"3","t159.jpg"
"3","t160.jpg"
"3","t161.jpg"
"3","t162.jpg"
"3","t163.jpg"
"3","t164.jpg"
"3","t165.jpg"
"3","t166.jpg"
"3","t167.jpg"
"3","t168.jpg"
"3","t169.jpg"
"3","t170.jpg"
"3","t171.jpg"
"3","t172.jpg"
"3","t173.jpg"
"3","t174.jpg"
"3","t175.jpg"
"3","t176.jpg"
"3","t177.jpg"
"3","t178.jpg"
"3","t179.jpg"
"3","t180.jpg"
"3","t181.jpg"
"3","t182.jpg"
"3","t183.jpg"
"3","t184.jpg"
"3","t185.jpg"
"3","t186.jpg"
"3","t187.jpg"
"3","t188.jpg"
"3","t189.jpg"
"3","t190.jpg"
"3","t191.jpg"
"3","t192.jpg"
"3","t193.jpg"
"3","t194.jpg"
"3","t195.jpg"
"3","t196.jpg"
"3","t197.jpg"
"3","t198.jpg"
"3","t199.jpg"
